{"Fiumicello Villa Vicentina": [45.7836083, 13.413018658333332], "Pegognaga": [44.9959881, 10.8587724], "Sant'Anna d'Alfaedo": [45.6274569, 10.9515505], "Ovindoli": [42.137031, 13.516097], "Arborio": [45.494964, 8.385329], "San Pietro a Maida": [38.8468043, 16.3434539], "Villa San Giovanni": [38.2180591, 15.638486], "Civitella in Val di Chiana": [43.4025271, 11.7355862], "Marsciano": [42.9105115, 12.3377232], "San Zeno Naviglio": [45.4915723, 10.2170575], "Melito di Porto Salvo": [37.9203843, 15.7778568], "Pozzonovo": [45.1965968, 11.7926503], "Trapani": [38.0173961, 12.5160225], "Santa Maria Capua Vetere": [41.0799225, 14.2563971], "Rocchetta Palafea": [44.7067227, 8.3460034], "Fortezza": [46.7868474, 11.61245], "San Francesco al Campo": [45.2264672, 7.6571645], "Castelmola": [37.8583477, 15.2773159], "Morimondo": [45.3524418, 8.9548111], "Castel Goffredo": [45.2952784, 10.4729815], "Cascinette d'Ivrea": [45.480159, 7.905619], "Bitetto": [41.0414078, 16.7486991], "Nizza di Sicilia": [37.992622, 15.4119128], "Corigliano d'Otranto": [40.159624, 18.259428], "Borgo San Lorenzo": [43.954248, 11.3864681], "Dolc\u00e8": [45.600689, 10.852482], "Montalto Dora": [45.490759, 7.862818], "Cairate": [45.6909194, 8.8724606], "Limena": [45.4743763, 11.8449327], "Lettomanoppello": [42.2366404, 14.0369214], "Guglionesi": [41.9138877, 14.9136133], "Bedizzole": [45.5105711, 10.4230323], "Monzuno": [44.2792634, 11.266408], "Garbagnate Milanese": [45.5772279, 9.080023], "Corleto Monforte": [40.437209, 15.37956], "Ceriano Laghetto": [45.6283491, 9.0807968], "Plodio": [44.3511944, 8.2564515], "San Felice Circeo": [41.2326171, 13.0893977], "Genola": [44.588936, 7.66453], "Meolo": [45.6194293, 12.4530566], "Comitini": [37.407941, 13.642959], "Castelleone di Suasa": [43.6077646, 12.9761261], "Godrano": [37.9032009, 13.4281157], "Pramollo": [44.904484, 7.2114001], "Noventa Vicentina": [45.2906283, 11.5398835], "Chiaromonte": [40.1240088, 16.2138347], "Sorrento": [40.624906, 14.374836], "Genova": [44.40726, 8.9338624], "Colazza": [45.792573, 8.500326], "Veronella": [45.3249693, 11.3222608], "Ospitaletto": [45.5552224, 10.073946], "San Stino di Livenza": [45.7310782, 12.6800084], "Sant'Alfio": [37.7415805, 15.1429052], "Curno": [45.6915142, 9.6109659], "Marcianise": [41.0329966, 14.2984228], "Cambiano": [44.9714155, 7.7786983], "Aramengo": [45.1010819, 8.0005276], "Carini": [38.131172, 13.1818847], "Busseto": [44.9809569, 10.0424746], "Borgo San Giacomo": [45.346975, 9.968467], "Azzio": [45.8847905, 8.7091816], "Praiano": [40.611107, 14.53134], "Stra": [45.4168454, 12.0023037], "Chiusa di Pesio": [44.32643, 7.675436], "Pratola Peligna": [42.098314, 13.8739802], "Morcone": [41.3411011, 14.6636259], "Soleto": [40.1877075, 18.2073718], "Valderice": [38.038984, 12.6169791], "Irsina": [40.7444119, 16.2427058], "Pattada": [40.581763, 9.112926], "Nibbiola": [45.3714832, 8.6549776]}